NAME,CODE,HIERARCHY,IS_GROUP,CHILDREN,LEVEL_NAME,PARENT,LEVEL_NUMBER,OFFICIAL_LEVEL_NAME
 Brookings 2 Ne SD,BROOKLISOUTHDA,ALL#WORLD#NOAME#USA#NOPLA#SODAK,False,,CITY,USA,3,CITY
Brookings 2 Ne SD,BROOKSOUTHDAK,ALL#WORLD#NOAME#USA#NOPLA#SODAK,False,,CITY,USA,3,CITY
Sao Miguel Do Oeste,SAO_MIGUEL_DO_OESTE,ALL#WORLD#SOAME#BRA#BRASO#SANTA,False,,CITY,BRA,3,CITY
São Miguel do Oeste,SAOMIGDOESTE,ALL#WORLD#SOAME#BRA#BRASO#SANTA,False,,CITY,BRA,3,CITY
Bom Jesus da Lapa,BOM_JESUS_LAP,ALL#WORLD#SOAME#BRA#BRACW#BAHIA,False,,CITY,BRA,3,CITY
Bom Jesus Da Lapa,BOM_JESUS_DA_LAPA,ALL#WORLD#SOAME#BRA#BRACW#BAHIA,False,,CITY,BRA,3,CITY
London Locks WV,LONDOWIS,ALL#WORLD#NOAME#USA#APPAL#WESTV,False,,CITY,USA,3,CITY
London Locks WV,LONDONWV,ALL#WORLD#NOAME#USA#EASCB#WISCO,False,,CITY,USA,3,CITY
Mateiros,MATEI,ALL#WORLD#SOAME#BRA#BRANO#TOCAN,False,,CITY,BRA,3,CITY
Mateiros,MATEIROS,ALL#WORLD#SOAME#BRA#BRANO#TOCAN,False,,CITY,BRA,3,CITY
Baixa Grande Do Ribeiro,BAIXA_GRANDE_DO_RIBEIRO,ALL#WORLD#SOAME#BRA#BRACW#PIAUI,False,,CITY,BRA,3,CITY
Baixa Grande do Ribeiro,BAIXA,ALL#WORLD#SOAME#BRA#BRACW#PIAUI,False,,CITY,BRA,3,CITY
Bình Phước,BINH_PHOC,ALL#WORLD#ASIA#VNM,False,,REGION,VNM,1,PROVINCE
Binh Phuoc,BIP,ALL#WORLD#ASIA#VNM,False,,DEPARTMENT,VNM,1,PROVINCE
KwaZulu-Natal,KZN,ALL#WORLD#AFR#ZAF,False,,REGION,ZAF,1,PROVINCE
KwaZulu-Natal,KWZN,ALL#WORLD#AFR#ZAF,False,,CITY,ZAF,1,PROVINCE
Ivaiporã,IAIP,ALL#WORLD#SOAME#BRA#BRASO#PARAN,False,,CITY,BRA,3,CITY
Ivaipora,IVAPA,ALL#WORLD#SOAME#BRA#BRASO#PARAN,False,,CITY,BRA,3,CITY
Itaporã,ITAPORA,ALL#WORLD#SOAME#BRA#BRASE#MATOG,False,,CITY,BRA,3,CITY
Itaporã,IPRMS,ALL#WORLD#SOAME#BRA#BRASE#MATOS,False,,CITY,BRA,3,CITY
Davao Region,DAVAOREGION,ALL#WORLD#ASIA#PHL,False,,NATIONAL_REGION,PHL,1,REGION
Davao,DAVAO,ALL#WORLD#ASIA#PHL,False,,CITY,PHL,1,REGION
baja california,B-CA,ALL#WORLD#NOAME#MEX,False,,STATE,MEX,1,STATE
Baja California Sur,BCS,ALL#WORLD#NOAME#MEX,False,,STATE,MEX,1,STATE
Tien Giang province,TIENGIANG,ALL#WORLD#ASIA#VNM,False,,DEPARTMENT,VNM,1,PROVINCE
Tien Giang,TIENG,ALL#WORLD#ASIA#VNM,False,,DEPARTMENT,VNM,1,PROVINCE
Juiz de Fora,JUIZFORA,ALL#WORLD#SOAME#BRA#BRANE#MINAS,False,,CITY,BRA,3,CITY
Juiz De Fora,JUIZ_DE_FORA,ALL#WORLD#SOAME#BRA#BRANE#MINAS,False,,CITY,BRA,3,CITY
Oslo,NOR_OSL,ALL#WORLD#EUR#NOR,False,,CITY,NOR,1,COUNTY
Oslo County,NOR_OSLCNTY,ALL#WORLD#EUR#NOR,False,,COUNTY,NOR,1,COUNTY
Patos De Minas,PATOS_DE_MINAS,ALL#WORLD#SOAME#BRA#BRANE#MINAS,False,,CITY,BRA,3,CITY
Patos de Minas,PTOMI,ALL#WORLD#SOAME#BRA#BRANE#MINAS,False,,CITY,BRA,3,CITY
Querência,QUERENCIA,ALL#WORLD#SOAME#BRA#BRASE#MATOG,False,,CITY,BRA,3,CITY
Querencia,QRCMA,ALL#WORLD#SOAME#BRA#BRASE#MATOG,False,,CITY,BRA,3,CITY
Central Anatolia,TUR_ANATOLIA_C,ALL#WORLD#ASIA#TUR,False,,REGION,TUR,1,PROVINCE
Central Anatolia,TR7,ALL#WORLD#ASIA#TUR,False,,NATIONAL_REGION,TUR,1,PROVINCE
Battle Creek MI,BATTLECREEKMI,ALL#WORLD#NOAME#USA#EASCB#MICHI,False,,CITY,USA,3,CITY
Battle Creek MI,BACMI,ALL#WORLD#NOAME#USA#EASCB#MICHI,False,,CITY,USA,3,CITY
Gaucha Do Norte,GAUCHA_DO_NORTE,ALL#WORLD#SOAME#BRA#BRASE#MATOG,False,,CITY,BRA,3,CITY
Gaúcha do Norte,GAUCHADONORTE,ALL#WORLD#SOAME#BRA#BRASE#MATOG,False,,CITY,BRA,3,CITY
İzmir,TR31,ALL#WORLD#ASIA#TUR#TR3,False,,REGION,TUR,2,DISTRICT
Izmir,IZMIR,ALL#WORLD#ASIA#TUR#AEGEA,False,,CITY,TUR,2,DISTRICT
Bom Jesus de Goiás,BJ_GOIAS,ALL#WORLD#SOAME#BRA#GOIAS,False,,CITY,BRA,2,MUNICIPALITY
Bom Jesus De Goias,BJGGO,ALL#WORLD#SOAME#BRA#GOIAS,False,,CITY,BRA,2,MUNICIPALITY
Port Klang,PORT_MYPKG,ALL#WORLD#ASIA#MYS,False,,PORT_TERMINAL,MYS,1,PORT_TERMINAL
Klang Port,PORT_KLANG_PORT,ALL#WORLD#ASIA#MYS,False,,PORT_TERMINAL,MYS,1,PORT_TERMINAL
Vysotsk,VYSOTSK,ALL#WORLD#EUR#RUS,False,,PORT_TERMINAL,RUS,1,PORT_TERMINAL
Vysotsk,VYSTSK,ALL#WORLD#EUR#RUS,False,,PORT_TERMINAL,RUS,1,PORT_TERMINAL
Santa Vitoria,SANTAVITORIA,ALL#WORLD#SOAME#BRA#BRANE#MINAS,False,,CITY,BRA,3,CITY
Santa Vitória,SAN_VIC,ALL#WORLD#SOAME#BRA#BRANE#MINAS,False,,CITY,BRA,3,CITY
Amambaí,AMAM,ALL#WORLD#SOAME#BRA#BRASE#MATOS,False,,CITY,BRA,3,CITY
Amambai,AMAMS,ALL#WORLD#SOAME#BRA#BRASE#MATOS,False,,CITY,BRA,3,CITY
Chapadao Do Sul,CHAPADAO_DO_SUL,ALL#WORLD#SOAME#BRA#BRASE#MATOS,False,,CITY,BRA,3,CITY
Chapadão do Sul,CSDMA,ALL#WORLD#SOAME#BRA#BRASE#MATOS,False,,CITY,BRA,3,CITY
Yangzijiang,PORT_YANGZG,ALL#WORLD#ASIA#CHN,False,,PORT_TERMINAL,CHN,1,PORT_TERMINAL
Yangjiang,PORT_CNYJI,ALL#WORLD#ASIA#CHN,False,,PORT_TERMINAL,CHN,1,PORT_TERMINAL
Bragança Paulista,BRAGA,ALL#WORLD#SOAME#BRA#BRANE#SAOPO,False,,CITY,BRA,3,CITY
Braganca Paulista,BRAGANCA_PAULISTA,ALL#WORLD#SOAME#BRA#BRANE#SAOPO,False,,CITY,BRA,3,CITY
Bagé,BAGE,ALL#WORLD#SOAME#BRA#BRASO#RIOGS,False,,CITY,BRA,3,CITY
Bage,BAGRI,ALL#WORLD#SOAME#BRA#BRASO#RIOGS,False,,CITY,BRA,3,CITY
Maceió,MACERIO,ALL#WORLD#SOAME#BRA#BRACW#ALAGO,False,,CITY,BRA,3,CITY
Maceio,MACEI,ALL#WORLD#SOAME#BRA#BRACW#ALAGO,False,,CITY,BRA,3,CITY
Istanbul,ISTAN,ALL#WORLD#ASIA#TUR,False,,CITY,TUR,1,PROVINCE
Istanbul,TR1,ALL#WORLD#ASIA#TUR,False,,NATIONAL_REGION,TUR,1,PROVINCE
Vitoria Da Conquista,VITORIA_DA_CONQUISTA,ALL#WORLD#SOAME#BRA#BRACW#BAHIA,False,,CITY,BRA,3,CITY
Vitória da Conquista,VICDC,ALL#WORLD#SOAME#BRA#BRACW#BAHIA,False,,CITY,BRA,3,CITY
Primavera Do Leste,PRIMAVERA_DO_LESTE,ALL#WORLD#SOAME#BRA#BRASE#MATOG,False,,CITY,BRA,3,CITY
Primavera do Leste,PDLMG,ALL#WORLD#SOAME#BRA#BRASE#MATOG,False,,CITY,BRA,3,CITY
Wayne NE,WAYNEBRS,ALL#WORLD#NOAME#USA#NOPLA#NEBRA,False,,CITY,USA,3,CITY
Wayne NE,WAYNE,ALL#WORLD#NOAME#USA#NOPLA#NEBRA,False,,CITY,USA,3,CITY
Formoso Do Araguaia,FORMOSO_DO_ARAGUAIA,ALL#WORLD#SOAME#BRA#BRANO#TOCAN,False,,CITY,BRA,3,CITY
Formoso do Araguaia,FORMOSO_ARG,ALL#WORLD#SOAME#BRA#BRANO#TOCAN,False,,CITY,BRA,3,CITY
Zhenjiang,ZHENJIANG,ALL#WORLD#ASIA#CHN#JIANG,False,,CITY,CHN,2,PREFECTURE-LEVEL DIVISION
Zhanjiang,ZHANJ,ALL#WORLD#ASIA#CHN#GUANG,False,,CITY,CHN,2,PREFECTURE-LEVEL DIVISION
Sao Gabriel Do Oeste,SAO_GABRIEL_DO_OESTE,ALL#WORLD#SOAME#BRA#BRASE#MATOS,False,,CITY,BRA,3,CITY
São Gabriel do Oeste,SGOMS,ALL#WORLD#SOAME#BRA#BRASE#MATOS,False,,CITY,BRA,3,CITY
Gdansk,PORT_PLGDN,ALL#WORLD#EUR#POL,False,,PORT_TERMINAL,POL,1,PORT_TERMINAL
Gdańsk,PORT_GDA,ALL#WORLD#EUR#POL,False,,PORT_TERMINAL,POL,1,PORT_TERMINAL
Rio Pardo De Minas,RIO_PARDO_DE_MINAS,ALL#WORLD#SOAME#BRA#BRANE#MINAS,False,,CITY,BRA,3,CITY
Rio Pardo de Minas,RIO_PARDO_MG,ALL#WORLD#SOAME#BRA#BRANE#MINAS,False,,CITY,BRA,3,CITY
Venda Nova do Imigrante,VEND_NOV_IMG,ALL#WORLD#SOAME#BRA#BRANE#ESPIR,False,,CITY,BRA,3,CITY
Venda Nova Do Imigrante,VENDA_NOVA_DO_IMIGRANTE,ALL#WORLD#SOAME#BRA#BRANE#ESPIR,False,,CITY,BRA,3,CITY
Caracol,CARACOL,ALL#WORLD#SOAME#BRA#BRACW#PIAUI,False,,CITY,BRA,3,CITY
Caracol,CARMS,ALL#WORLD#SOAME#BRA#BRASE#MATOS,False,,CITY,BRA,3,CITY
Southeastern Anatolia,TRC,ALL#WORLD#ASIA#TUR,False,,NATIONAL_REGION,TUR,1,PROVINCE
Southeastern Anatolia,TUR_ANATOLIA_SE,ALL#WORLD#ASIA#TUR,False,,REGION,TUR,1,PROVINCE
Guarda-Mor,GUARDA-MOR,ALL#WORLD#SOAME#BRA#BRANE#MINAS,False,,CITY,BRA,3,CITY
Guarda Mor,GUARDA,ALL#WORLD#SOAME#BRA#BRANE#MINAS,False,,CITY,BRA,3,CITY
Belém,PORT_BRNBM,ALL#WORLD#SOAME#BRA,False,,PORT_TERMINAL,BRA,1,PORT_TERMINAL
Belém,PORT_BELEM,ALL#WORLD#SOAME#BRA,False,,PORT_TERMINAL,BRA,1,PORT_TERMINAL
Sao Mateus Do Sul,SAO_MATEUS_DO_SUL,ALL#WORLD#SOAME#BRA#BRASO#PARAN,False,,CITY,BRA,3,CITY
Sao Mateus do Sul,SAOPA,ALL#WORLD#SOAME#BRA#BRASO#PARAN,False,,CITY,BRA,3,CITY
Colinas Do Tocantins,COLINAS_DO_TOCANTINS,ALL#WORLD#SOAME#BRA#BRANO#TOCAN,False,,CITY,BRA,3,CITY
Colinas do Tocantins,COLINAS_TOC,ALL#WORLD#SOAME#BRA#BRANO#TOCAN,False,,CITY,BRA,3,CITY
Anápolis,ANAPOLI,ALL#WORLD#SOAME#BRA#GOIAS,False,,CITY,BRA,2,MUNICIPALITY
Anapolis,ANAGO,ALL#WORLD#SOAME#BRA#GOIAS,False,,CITY,BRA,2,MUNICIPALITY
Tangará da Serra,TANGARA,ALL#WORLD#SOAME#BRA#BRASE#MATOG,False,,CITY,BRA,3,CITY
Tangara Da Serra,TANGARA_DA_SERRA,ALL#WORLD#SOAME#BRA#BRASE#MATOG,False,,CITY,BRA,3,CITY
Caiapônia,CAIA,ALL#WORLD#SOAME#BRA#GOIAS,False,,CITY,BRA,2,MUNICIPALITY
Caiaponia,CAIGO,ALL#WORLD#SOAME#BRA#GOIAS,False,,CITY,BRA,2,MUNICIPALITY
Guaira,GAIPA,ALL#WORLD#SOAME#BRA#BRASO#PARAN,False,,CITY,BRA,3,CITY
Guaíra,GUASA,ALL#WORLD#SOAME#BRA#BRANE#SAOPO,False,,CITY,BRA,3,CITY
RIGA,RIGA,ALL#WORLD#EUR#LVA,False,,CITY,LVA,1,STATE CITY
Riga,RIGAL,ALL#WORLD#EUR#LVA,False,,CITY,LVA,1,STATE CITY
Würzburg,WRZBURG---GER,ALL#WORLD#EUR#DEU#BAVAR,False,,TERRITORY,DEU,2,DISTRICT
Würzburg,WURZB,ALL#WORLD#EUR#DEU#BAVAR,False,,CITY,DEU,2,DISTRICT
Saxony-Anhalt,DEE,ALL#WORLD#EUR#DEU,False,,NATIONAL_REGION,DEU,1,STATE
Saxony-Anhalt Land,SAXOY,ALL#WORLD#EUR#DEU,False,,STATE,DEU,1,STATE
Hamburg,PORT_HAMBURG,ALL#WORLD#EUR#DEU,False,,CITY,DEU,1,STATE
Hamburg,DE6,ALL#WORLD#EUR#DEU,False,,NATIONAL_REGION,DEU,1,STATE
Nord - Pas-de-Calais,NPC,ALL#WORLD#EUR#FRA,False,,REGION,FRA,1,METROPOLITAN REGION
Nord-Pas-de-Calais,NORDP,ALL#WORLD#EUR#FRA,False,,NATIONAL_REGION,FRA,1,METROPOLITAN REGION
Grand Est,FRF,ALL#WORLD#EUR#FRA,False,,NATIONAL_REGION,FRA,1,METROPOLITAN REGION
Grand-Est,GRAND_EST,ALL#WORLD#EUR#FRA,False,,REGION,FRA,1,METROPOLITAN REGION
Central Italy,ITI,ALL#WORLD#EUR#ITA,False,,NATIONAL_REGION,ITA,1,AUTONOMOUS REGION
Central Italy,ITAC,ALL#WORLD#EUR#ITA,False,,NATIONAL_REGION,ITA,1,AUTONOMOUS REGION
